product_name,product_code,product_price,product_imagelink
GE Profile™ Series 22.2 Cu. Ft. Counter-Depth French-Door Refrigerator with Door In Door and Hands-Free AutoFill,/appliance/gea-specs/PYD22KBLTS,$,https://products.geappliances.com/MarketingObjectRetrieval/Dispatcher?RequestType=Image&Name=161909.jpg&Variant=ViewLarger
GE Profile™ Series ENERGY STAR® 22.2 Cu. Ft. Counter-Depth French-Door Refrigerator with Keurig® K-Cup® Brewing System,/appliance/gea-specs/PYE22PBLTS,3629,https://products.geappliances.com/MarketingObjectRetrieval/Dispatcher?RequestType=Image&Name=R44513.jpg&Variant=ViewLarger
GE Profile™ Series ENERGY STAR® 22.2 Cu. Ft. Counter-Depth French-Door Refrigerator with Keurig® K-Cup® Brewing System,/appliance/gea-specs/PYE22PELDS,$,https://products.geappliances.com/MarketingObjectRetrieval/Dispatcher?RequestType=Image&Name=CGI69163.jpg&Variant=ViewLarger
GE Profile™ Series ENERGY STAR® 27.8 Cu. Ft. French-Door Refrigerator with Keurig® K-Cup® Brewing System,/appliance/gea-specs/PFE28PBLTS,3629,https://products.geappliances.com/MarketingObjectRetrieval/Dispatcher?RequestType=Image&Name=R44510.jpg&Variant=ViewLarger
GE Profile™ Series ENERGY STAR® 27.8 Cu. Ft. French-Door Refrigerator with Keurig® K-Cup® Brewing System,/appliance/gea-specs/PFE28PELDS,$,https://products.geappliances.com/MarketingObjectRetrieval/Dispatcher?RequestType=Image&Name=CGI69161.jpg&Variant=ViewLarger
GE Profile™ Series 22.2 Cu. Ft. Counter-Depth French-Door Refrigerator with Door In Door and Hands-Free AutoFill,/appliance/gea-specs/PYD22KSLSS,3629,https://products.geappliances.com/MarketingObjectRetrieval/Dispatcher?RequestType=Image&Name=161978.jpg&Variant=ViewLarger
GE Profile™ Series ENERGY STAR® 27.8 Cu. Ft. French-Door Refrigerator with Keurig® K-Cup® Brewing System,/appliance/gea-specs/PFE28PSKSS,$,https://products.geappliances.com/MarketingObjectRetrieval/Dispatcher?RequestType=Image&Name=CGI67695.jpg&Variant=ViewLarger
GE Profile™ Series ENERGY STAR® 27.8 Cu. Ft. French-Door Refrigerator with Keurig® K-Cup® Brewing System,/appliance/gea-specs/PFE28PMKES,3629,https://products.geappliances.com/MarketingObjectRetrieval/Dispatcher?RequestType=Image&Name=CGI67696.jpg&Variant=ViewLarger
GE Profile™ Series ENERGY STAR® 22.2 Cu. Ft. Counter-Depth French-Door Refrigerator with Keurig® K-Cup® Brewing System,/appliance/gea-specs/PYE22PMKES,$,https://products.geappliances.com/MarketingObjectRetrieval/Dispatcher?RequestType=Image&Name=CGI67704.jpg&Variant=ViewLarger
GE Profile™ Series 27.8 Cu. Ft. French-Door Refrigerator with Door In Door and Hands-Free AutoFill,/appliance/gea-specs/PFD28KBLTS,3629,https://products.geappliances.com/MarketingObjectRetrieval/Dispatcher?RequestType=Image&Name=161891.jpg&Variant=ViewLarger
GE Profile™ Series ENERGY STAR® 22.2 Cu. Ft. Counter-Depth French-Door Refrigerator with Keurig® K-Cup® Brewing System,/appliance/gea-specs/PYE22PSKSS,$,https://products.geappliances.com/MarketingObjectRetrieval/Dispatcher?RequestType=Image&Name=CGI67703.jpg&Variant=ViewLarger
GE Profile™ Series ENERGY STAR® 22.2 Cu. Ft. Counter-Depth French-Door Refrigerator with Hands-Free AutoFill,/appliance/gea-specs/PYE22KBLTS,3529,https://products.geappliances.com/MarketingObjectRetrieval/Dispatcher?RequestType=Image&Name=R44511.jpg&Variant=ViewLarger
name,code,price,imagelink
GE Profile™ Series ENERGY STAR® 22.2 Cu. Ft. Counter-Depth French-Door Refrigerator with Hands-Free AutoFill,/appliance/gea-specs/PYE22KBLTS,3529,https://products.geappliances.com/MarketingObjectRetrieval/Dispatcher?RequestType=Image&Name=R44511.jpg&Variant=ViewLarger
name,code,price,imagelink
GE Profile™ Series ENERGY STAR® 22.2 Cu. Ft. Counter-Depth French-Door Refrigerator with Hands-Free AutoFill,/appliance/gea-specs/PYE22KBLTS,3529,https://products.geappliances.com/MarketingObjectRetrieval/Dispatcher?RequestType=Image&Name=R44511.jpg&Variant=ViewLarger
